ID;Nom usuel
1028001;Baneins
1033002;Bellegarde
1034001;Belley Man
1037001;Benonces
1072001;Ceyzeriat_sapc
1089001;Amberieu
1128001;Courtes
1204001;Lalleyriat
1224002;Loyettes
1235001;Marlieux Man
1235002;Marlieux
1255002;Montagnieu
1350001;Saint Etienne Du Bois
1367002;Saint Julien Sur Reyssouze
1384001;Saint Rambert En Bugey
1441001;Vieu
1453001;Virieu-le-petit
2031001;Aubenton
2037002;Aulnois-ss-laon
2094001;Blesmes
2110002;Braine
2173002;Chauny
2199001;Clastres
2220001;Coulonges-cohan
2298001;Etreux
2301002;Faucoucourt
2320001;St Quentin
2321001;Fontaine-vv Man
2321002;Fontaine-les-vv
2346001;Gizy
2408002;Laon
2471001;Martigny-courpi
2505001;Montfaucon
2580001;Oulchy-le-chate
2594001;Passy En Valois
2617001;Pouilly-sur-serre
2705001;La Selve
2722002;Soissons
2758001;Vailly-sur-aisn
3005001;Archignat
3006003;Arfeuilles
3036002;Bourbon_sapc
3043001;Brout-vernet
3046001;Buxieres
3059001;Chareil-cintrat_sapc
3060001;Vichy-charmeil
3061001;Charmes_sapc
3066003;Chatel-montagne
3073001;Chemilly
3100001;Diou
3106002;Durdat-larequille
3108001;Echassieres_sapc
3114001;Ferte-hauterive
3127001;Herisson
3149002;Louchy-montfand
3155001;Lurcy-levis
3155003;Lurcy-levis Sa
3159001;Malicorne
3165001;Mayet-de-montag
3168001;Meaulne
3180001;Montbeugny
3186001;Montmarault
3200001;Neuvy
3204001;Paray-sous-briailles
3226001;Saint Didier_sapc
3240001;St-leon
3248001;St-nicolas
3253001;St-pourcain-bes
3285001;Tortezais_sapc
3310001;Vichy-ville
3321001;Yzeure
4019001;Barcelonnette
4027002;Bevons
4039001;Castellane
4049001;St Auban
4088001;Forcalquier
4096002;Jausiers-st Anne
4172001;Roumoules
4193002;St Paul
4205004;Seyne-col Maure
4209005;Sisteron
4230001;Valensole
5007001;Arvieux La Chalp
5023001;Briancon
5026001;Ceillac
5046001;Embrun
5055001;La Faurie
5064001;Chapelle-en-valgaudemar
5070003;Laragne Monteglin
5079001;Le Monetier Les Bains
5085001;Montgenevre
5093001;Nevache
5098001;Les Orres
5101001;Pelvoux
5118002;Ribiers-grange
5132001;St-bonnet Champsaur
5139002;St Etienne-en-devoluy
5142001;St Firmin
5157001;St Veran
5182001;Villar Loubiere
5184002;Vitrolles
6004002;Antibes-garoupe
6004009;Antibes
6005001;Ascros
6015001;Berre-des-alpes
6029001;Cannes
6037002;Caussols
6057001;L Escarene
6071001;Guillaumes-obs
6077006;Peira Cava
6079002;Mandelieu La Napoule
6084002;Mouans Sartoux
6086001;Moulinet
6088001;Nice
6090001;Pegomas-tanneron
6091003;Peille
6106002;Roquesteron
6121001;Cap Ferrat
6127001;St-martin-de-vesubie-obs
6127003;St Martin Vesubie
6152002;Valbonne-sophia
6163007;Tende_sapc
7005001;Alba La Romaine
7005002;Alba Sa
7010001;Annonay
7011004;Antraigues Sa
7019005;Aubenas Sa
7025001;Barnas Rad
7032003;Berzeme Sa
7042001;Bourg St Andeol
7064001;Cheylard Sa
7066001;Chomerac Sa_rce
7068001;Colombier Jeune Rad
7069001;Colombier Vieux Sa
7075001;Cros Georand
7101001;Grospierres
7101002;Grospierres Sa
7105001;Issanlas
7110001;Joyeuse
7117001;Lablachere Drome
7117002;Lablachere
7128001;Lalouvesc
7131001;Lanas Syn
7144001;Loubaresse
7161001;Montpezat Sa
7168001;Orgnac Aven
7185001;Preaux Sa
7192001;Rochepaule Sa
7202002;Sablieres Oara
7204005;St-agreve
7228001;St-desirat Sa
7230002;Escrinet Sa
7261001;St-laurent Pape
7265001;St-marcel Annonay
7294001;St-sauveur Sa
7330004;Vallon Sa
7331001;Vals-les-bains
7334003;Les Vans Sa
7338001;Vernoux
7338005;Vernoux Sa
8105003;Montcy-st-pier
8105005;Charleville-mez
8116001;Le Chesne
8207001;Ham-sur-meuse
8239001;Juniville
8255001;Linay
8354001;Raucourt - Man
8362002;Rethel - Man
8363001;Revin
8367002;Rocroi
8419001;Signy-l'abbaye
8490001;Vouziers
9023002;Ascou Lavail
9027001;Augirein
9029001;Aulus-les-bains
9042003;La Bastide De S
9071001;Cadarcet
9079001;Carla Bayle
9094001;Cerizols
9181003;Le Mas D Azil
9206001;Montferrier
9206002;Mont D'olmes
9225004;Pamiers Lycagri
9250001;Les Cascades
9277001;St-ybars
9289001;St Girons
9290004;Eylie D'en Haut
9301001;Soulan
9306001;Tarascon Sur Ar
9334004;Vicdessos
10002001;Ailleville_sapc
10030001;Troyes-barberey
10057001;Bouy-sur-orvin
10075001;Champfleury
10099002;Chessy-les-pres_sapc
10119001;Cunfin_sapc
10130001;Dosnon
10202001;Loges-margueron
10223001;Marcilly-le-hay
10228002;Mathaux-etape
10238001;Mesnil-st-pere
10255002;Montreuil
10317001;Les-riceys
10323001;Romilly
10350001;St-mards
10360001;St-pouange
10372001;Soulaines
10429001;Villette-sur-au
11004001;Alaigne
11012001;Argeliers
11016003;Arquettes-en-val
11028001;Belcaire
11049001;Bram
11069001;Carcassonne
11075001;Castans
11076001;Castelnaudary
11081003;Caunes-minervois
11115001;Cuxac-cabardes
11124003;Durban-corbieres
11140001;Ferrals-les-corbieres
11144001;Fitou
11168001;Granes
11170001;Gruissan-inra
11185001;Lagrasse
11198001;Laure-minervois
11203004;Lezignan-corbieres
11206003;Limoux
11221004;Les Martys
11243001;Montferrand
11260002;Mouthoumet
11262005;Narbonne
11295001;Portel-des-corbieres
11352001;St Louis-et-parahou
11367001;Saissac
11404001;Ventenac-cabardes
12014001;Aurelle-verlac_sapc
12021001;Bastide Eveque
12023001;Bastide Solages
12024001;Belcastel
12025002;Belmont Limou
12026002;Bertholene
12036001;Brommat
12051001;Cantoin
12063003;Millau-larzac_sapc
12068001;Colombies
12089002;Decazeville
12094002;Entraygues Sur
12102001;Flavin
12119001;Laguiole
12145001;Millau
12148001;Montbazens
12150001;Monteils
12154002;Montlaur-privat
12194001;Quins
12197002;Requista Combec
12208001;St Affrique
12253001;Salles Curan
12254001;Rodez-aveyron
12300003;Villefranch Ifip
12301001;Villeneuve
13001006;Aix-les Milles
13001009;Aix En Provence
13004003;Arles
13005003;Aubagne
13022003;Cassis
13028001;Bec De L Aigle
13035002;Eyguieres
13036003;Eyragues
13037001;La Fare Les Oliviers
13047001;Istres
13050001;Lambesc
13053002;Mallemort
13054001;Marignane
13055001;Marseille-obs
13055025;Marseille
13062002;Mimet
13077001;Port-de-bouc-sj
13080001;Le-puy-ste-repa
13085001;Roquefort-la-bedoule
13091001;St Cannat
13097002;St-martin-crau
13100002;St-remy-de-provence
13103001;Salon De Provence
13108004;Tarascon
13110003;Trets
13111002;Vauvenargues
14020002;Argences
14055002;Beaumont En A.
14137001;Caen-carpiquet
14216001;Damblainville
14239001;Englesqueville
14291002;Fresney Le Vieu
14296001;Legast_sapc
14366002;Lisieux_sapc
14372001;Livry
14431002;Mezidon-canon
14501002;Pierrefitte Cin_sapc
14515001;Port En Bessin
14578001;St Gatien Des B
14579002;Saint Georges D
14584001;Saint Germain D
14624001;L Oudon Lieury_sapc
14634001;Saint Michel De
14659001;St Sylvain_sapc
14665001;Sallenelles
14727001;Vaubadon
15014004;Aurillac
15050001;Le Claux
15053001;Coltines
15060001;Deux-verg
15067001;Le Fau
15114002;Marcenat
15118002;Marmanhac
15119001;Massiac
15120001;Mauriac-moulin
15120005;Mauriac
15122002;Maurs
15168001;Ruynes - Gendar
15168003;Ruynes
15169001;Saignes
15181001;St Constant
15187006;St Flour
15219001;Salers
15231001;Talizat
15248001;Valuejols
16025003;Baignes Bel Air
16052001;Bors
16061003;Brie
16089001;Cognac
16113001;La Couronne
16171001;Juillac-le-coq
16211002;Marthon
16225001;Montemboeuf
16226001;Montignac
16256001;Passirac
16259002;La Peruse
16279001;Rioux Martin
16280001;Rivieres
16283002;Ronsenac
16292001;Ruffec
16297001;Graves-saint-amant
16318001;St Front
16346001;St Quentin De C
16360001;Salles De Barb
16363001;Saulgond_sapc
16366001;Segonzac_sapc
16390001;Tusson
16397001;Verdille
16403001;Le Vieux Cerier_sapc
17004001;Ile-d Aix
17050001;Bois
17053001;Bords
17093002;Chateau D'oleron
17121001;Couarde Sur Mer
17218001;Marans
17224001;Matha
17236001;Mirambeau
17243002;Montlieu_sapc
17268002;Nuaille Sur Boutonne
17300001;La Rochelle
17300009;La Rochelle-ile De Re
17306004;Royan-medis
17308001;St Agnant
17323001;Chassiron
17339002;St Germain De Lusignan
17353001;St-laurent Pree-inra
17415003;Saintes
17418001;Salignac
17421001;Saujon
17434002;Surgeres
17477001;Villiers_sapc
18015003;Aubigny-sur-nere
18033001;Bourges
18039001;Bue
18057003;Chateaumeillant
18059001;Le Chatelet
18066002;Civray
18087001;Dun
18087003;Dun-sur-auron
18090001;Etrechy
18092001;Avord
18103001;Gracay
18109002;Henrichemont
18125004;Lere
18127001;Lignieres
18135001;Maisonnais
18137001;Mareuil
18159001;Nancay
18165001;Neuvy-sur-bar.
18172001;Orval
18175001;Ourouer-les-b.
18175003;Ourouer
18187004;Preveranges
18190001;Quincy
18197004;St-amand-mtrond
18223003;St-martin-d'a.
18241002;Sancerre
18242001;Sancoins
18251001;Sevry
18269001;Vailly
18269003;Vailly/sauldre
18279001;Vierzon - Veves
18279005;Vierzon
19010001;Argentat
19019001;Beaulieu S/dor.
19029001;Branceilles
19031008;Brive
19033001;Bugeat
19036001;Chamberet
19073001;Egletons-mart.
19073006;Egletons
19121002;Lubersac
19125001;Marcillac
19134001;Merlines
19136002;Meymac
19146001;Naves
19164001;Peyrelevade
19237001;St-privat
19272001;Tulle
19275001;Ussel-lamartine
19275004;Ussel-les Plaines
19276006;Uzerche
20004002;Ajaccio
20004003;Ajaccio-parata
20031001;Bastelica-village
20040001;Bocognano-gare
20041001;Cap Pertusato
20047001;Calacuccia-gend
20050001;Calvi
20083001;Castirla
20092001;Conca
20093002;Ile Rousse
20096005;Corte_fdf
20108001;Evisa-village
20108002;Evisa-onf
20114002;Figari
20121001;Galeria-gend
20148001;Bastia
20223001;Pietralba
20232001;Pila Canale-gend
20232002;Pila-canale
20246001;La Porta-gend
20247001;La Chiappa
20258001;Renno
20268001;Sampolo
20272004;Sartene
20281001;Cap Sagro
20284001;Sollacaro
20342001;Solenzara
21010001;Aloxe Corton
21038001;Auxonne
21043001;Baigneux Les Juifs
21106001;Bretenieres_inra
21154001;Chatillon/seine
21228001;Detain-et-bruant
21390001;Marsannay La Cote
21425001;Montbard_sapc
21473001;Dijon-longvic
21501003;Pouilly En Aux_sapc
21515001;Quetigny
21527001;La Rochepot
21561003;St-martin-du-m
21564001;St Nic. Citeaux
21567001;Arnay_sapc
21590001;Savigny Les Bea
22032002;Caulnes-edf
22033001;Caurel-edf
22092001;Kerpert
22108001;Lanleff
22113006;Lannion_aero
22135001;Louargat
22136001;Loudeac
22147006;Merdrignac
22168001;Ploumanac'h
22203002;Ploeuc-sur-lie
22219003;Plouguenast
22223002;Plouisy
22247002;Pommerit-jaudy
22261002;Quintenic
22263001;Le Quiou
22266001;Rostrenen
22278005;Saint Brieuc
22282001;Saint-cast-le-g
22372001;St Brieuc
23008004;Aubusson_sapc
23013001;Auzances_sapc
23021001;Benevent_sapc
23025001;Bonnat
23030004;Bourganeuf
23031002;Boussac_sapc
23045001;Chambon Voueize
23067001;La Courtine
23079002;Felletin
23093001;Gouzon
23096001;Gueret Bongeot
23096008;Gueret Courtil
23118001;Maisonnisses
23155001;Pontarion_sapc
23176001;La Souterraine
23257001;Vallieres
24035003;Belves
24037001;Bergerac Tabac
24037005;Bergerac
24133002;La Coquille
24335001;Port Ste Foy
24336001;Prats De Carlux
24376001;St Aulaye
24437001;St Laurent Vign
24452001;St Martial Viveyrols
24455001;St Martin Rib.
24520005;Sarlat
24554001;La Tour Blanche
25007001;Adam-les-vercel
25021001;Arc-et-senans
25056001;Besancon
25127001;Charquemont
25195001;Dannemarie-sur-
25219002;Epenoy
25315001;L'isle-ecole
25320001;Labergement
25334001;Levier_sapc
25348002;Longevilles
25356003;Maiche
25372001;Mediere
25388002;Montbeliard
25411005;Morteau Sa
25413001;Mouthe
25453001;Pierrefontaine
25462001;Pontarlier
25468001;Pouligney
25512001;Le Russey
25532001;Saone
25635001;Lomont
26035001;Beaufort-s-gerv
26047001;Bellegarde-en-d
26050001;Besignan
26056001;Bourdeaux
26063002;Buis -Baronnies
26074001;Chapelle-en-ver
26100001;Combovin
26113003;Die
26115001;Divajeu
26116002;Donzere
26124001;Etoile
26142001;Glandage_sapc
26165001;Livron
26167001;Luc-en-diois
26168001;Lus L Croix Hte
26176001;Marsanne
26177001;Marsaz
26179001;Mercurol
26191001;Montboucher-s-j
26198001;Montelimar
26202001;Montjoux
26211001;Montsegur-s-lau
26235001;Pierrelatte
26258001;Puy-st-martin
26264002;Remuzat
26273002;Rochefort-samson_sapc
26281001;Romans_sapc
26295001;St-barthelemy-v_sapc
26298001;St-christophe-l
26307001;St-jean-en-roya
26313001;St-marcel-les-v-inra
26321003;St-nazaire-le-d
26330001;St-sorlin-en-va
26340001;Sederon
26348001;Taulignan
26361001;Valdrome
26377003;Vinsobres
27096001;Les Bottereaux
27112001;Breteuil
27127001;Canappeville
27229003;Evreux Ville
27306001;Guichainville
27347001;Evreux-huest
27367001;Lieurey
27375001;Louviers
27398001;Menneval
28041001;Blandainville
28064002;Bu_sapc
28070001;Chartres
28134003;Dreux
28190001;Guillonville_ca28
28195001;Houx
28198001;Chateaudun
28214003;La Loupe_sapc
28215001;Louville
28239001;Marville - Man
28239002;Marville_sapc
28252001;Miermaigne -Man
28252002;Miermaigne
28300001;Poinville - Man
28300002;Poinville
28305001;Pre-st-evroult
28322001;Rueil
28322003;Rueil
28363001;Sainville
28373002;Senonches
28380001;Sours - Man
28386001;Thimert
28406001;Viabon
28410001;Villampuy
29004001;Bannalec
29018001;Brennilis
29021001;Brignogan
29024003;Carhaix
29041002;Coray Chat Eau
29048003;Edern
29075001;Brest-guipavas
29082001;Batz
29083001;Sein
29113001;Lanmeur
29120001;Lanveoc
29146001;Melgven
29151001;Morlaix
29155005;Ouessant-stiff
29156001;Pencran
29163003;Pleyber-christ Sa
29170001;Plomelin-inra
29175001;Plonevez-du-faou
29178001;Ploudalmezeau
29179001;Ploudaniel-inra
29190001;Plougonvelin
29216001;Quimper
29220002;Pont-l'abbe
29263002;St-segal S A
29264001;Landivisiau
29276001;Sibiril S A
29277001;Sizun
29278001;Spezet
30003001;Aigues-mortes
30009001;Alzon
30015002;Arphy
30068001;Cardet
30076001;Cavillargues
30081002;Chusclan
30087002;Colognac
30093003;Conqueyrac
30101001;Deaux
30117002;Fourques-inra
30123001;Gallargues Le Montueux
30129001;Generargues
30130001;Genolhac
30133001;Le Grau Du Roi
30154001;Mandagout
30164001;Mejannes-le-clap
30166001;Meynes
30175001;Montclus
30189001;Nimes-courbessac
30202002;Pont St Esprit
30209002;Pujaut
30224001;La Rouviere
30225002;Sabran
30243001;St Christol-les-ales
30258001;Nimes-garons
30269006;St Jean Du Gard
30273001;St Julien De Peyrolas
30283001;St Martial
30297001;St Sauveur Camprieu
30305001;Salindres
30325001;Sumene
30339001;Mont Aigoual
30339006;Valleraugue
30347001;Vestric-et-candiac
30349001;Vic Le Fesq
30350001;Le Vigan
30352002;Villevieille
31042001;Bagneres-de-luc
31042012;Luchon
31069001;Toulouse-blagnac
31147001;Clarac
31157001;Toulouse-francazal
31247001;Labarthe-rivier
31299001;Muret-lherm
31451001;Revel
31508001;St-paul-d'oueil
31540001;Segreville
31583001;Villematier
32013005;Auch
32035001;Beaucaire
32095001;Caussens
32110002;Courrensan
32119003;Eauze
32160001;Isle-jourdain
32208002;Lectoure
32219001;Lupiac
32245001;Maumusson - Man
32256001;Mirande
32290001;Montreal
32357001;Ste-anne
33029001;Le Barp
33042001;Belin-beliet
33049001;Beychac Et Cail
33063001;Bordeaux-paulin
33077002;Cabanac Et Vill
33095001;Captieux
33138001;Coutras
33145001;Cursan
33151001;Donnezac
33214002;Lacanau
33230002;Lapouyade
33240001;Lesparre Medoc
33242001;Les Leves Thoum
33281001;Bordeaux-merignac
33314003;Pauillac-sud
33314005;Pauillac
33394002;St Emilion
33415001;St Gervais
33445001;St-martin-du-bo
33473001;St-savin
33484002;St-symphorienj
33494001;Salaunes
33504001;Sauternes
33506001;Sauveterre-de-g
33522001;Talence
33528001;Le Temple
33529001;Cazaux
33540001;Vendays-montalive
33541001;Vensac David
33544001;Le Verdon-sur-m
33550001;Villenave D'ornon-inra
34008001;Les Aires
34028003;Bedarieux
34030002;Berlou
34032002;Beziers-courtade
34046005;Cambon-et-salvergues
34069001;Cazouls-les-beziers
34086001;Courniou
34135001;Lespignan
34141002;La Liviniere
34144001;Lunas
34150001;Marseillan-inra
34151005;Marsillargues
34154001;Montpellier-aeroport
34163001;Montarnaud
34174002;Moules-et-baucels
34178001;Murviel Les Beziers
34186001;Octon
34205001;Les Plans
34209002;Beziers-vias
34210001;Le Pouget
34217001;Prades Le Lez
34232001;Roquebrun
34249002;St Drezery
34274001;St Martin De Londres
34300001;Servian
34301002;Sete
34306001;Soumont
34311001;Pezenas-tourbes
34322003;Valflaunes-plaine
34330001;Verargues
34337001;Villeneuve-les-mag-inra
34339001;Villespassans
35049001;Cancale
35110003;Feins Sa
35115001;Fougeres
35162003;Louvigne-du-desert
35202001;La-noe-blanche
35228001;Dinard
35281001;Rennes-st Jacques
35299002;St-meloir
36018001;Le Blanc
36035001;Chaillac
36044001;Chateauroux
36063001;Chateauroux Deols
36070001;Eguzon
36085001;Guilly
36088004;Issoudun
36089003;Jeu-les-bois-auto
36093002;Levroux - Treg.
36107001;Lye
36127002;Montgivray
36136001;Murs
36146001;Orsennes
36162001;Poulaines
36173002;Rosnay
36208001;Ste-severe
36209001;St-valentin
36219001;Tendu_sapc
37003004;Amboise - Lycee
37023002;Beaumont_sapc
37055002;Channay/lathan
37067003;Cheille
37072002;Chinon - Viti
37087001;Courcoue
37107001;Ferriere-larcon
37109001;Fondettes
37113001;Le Grand-pres.
37122003;Joue-les-tours
37128002;Lignieres-de-t.
37129002;Ligre
37179001;Tours
37183001;Perrusson
37192001;Reignac
37213001;St-christ.-sica
37213003;St-christophe-sur-nais
37216002;St-epain
37224001;St-laurent-en-g
37242002;Savigny - Veron
37253001;Sublaines
38005001;Allemond
38021001;Autrans
38040001;Besse
38064001;Cessieu
38095001;Chatte_sapc
38130001;La Cote St Andre
38135002;Courtenay
38191002;Alpe-d'huez
38215002;Luzinay
38242001;Monestier
38269001;La Mure
38275001;Serre-nerpol
38299001;Pellafol-chaneaux
38315002;Pont-de-beauvoisin
38366001;St-baudille
38375001;St-christophe
38384001;Grenoble-st Geoirs
38442001;Grande-chartreuse
38522001;Valjouffrey
38538002;Grenoble - Lvd
38548001;Villard-de-lans
39013002;Arbois
39013004;Arbois_sapc
39050001;Besain
39085002;Cerniebaud
39086001;Cernon
39097003;Champagnole
39156001;Cogna
39159002;Colonne
39198001;Dole
39235001;Fraisans
39275004;Lamoura
39362001;Lons Le Saunier
39413001;La Pesse
39420001;Pimorin
39470001;Les Rousses
39478004;St Claude
39485002;St Julien - Sa
39522001;Supt
39526003;Tavaux Sa
40001001;Aire Mestade
40002002;Amou Lateoulere
40022002;Bahus Fleton
40031001;Begaar
40037001;Benquet
40048001;Boos
40088001;Dax
40117001;Grenade-sur-ad
40150001;Leon
40167001;Luxey
40168001;Magescq
40192001;Mont-de-marsan
40218002;Parleboscq
40224002;Peyrehorade Ler
40227001;Pissos
40245004;Roquefort
40246001;Sabres Lepa
40246003;Sabres
40272001;St Martin Hinx
40276001;St Michel Escalus
40304001;Soorts-hossegor
41050002;Cheverny
41075002;Droue
41075003;Droue - Morache
41097001;Romorantin
41106001;Lamotte-beuvron
41221001;St-leonard-en-b
41242001;Selles-sur-cher
41243001;Selommes
41256002;Theillay
41281001;Blois
42005001;St Etienne-boutheon
42018001;Bessey
42019002;Boen-lign - Man
42019004;Boen Sur Lignon
42023003;Bg-argent - Man
42023004;Bourg-argental
42032001;Cellieu
42040001;Col De La Loge_sapc
42052002;Charlieu
42059001;Chazelles-lyon
42094001;Feurs - Man
42095001;Firminy
42098001;Fourneaux
42102001;Grammond - Man
42102002;Grammond_sapc
42128001;Machezal
42152001;Nandax
42163001;La Pacaudiere
42168004;Cret-de-oeillon
42170001;Perreux
42184001;Riorges - Man
42184002;Riorges
42193001;Rozier-en-donzy
42199002;St-andre-apchon
42204002;St-bonnet-le-chateau_sapc
42215001;St Denis De Cab
42218001;St-etienn - Man
42218007;St-etienn - Met
42230001;St Germain Lava
42257002;St-martin-d'est
42272001;St Pierre De Bo
42299001;Savigneux
42306001;Tarentaise
42328001;Verrieres En Fo
43003001;Allegre
43014001;Autrac
43015001;Auvers
43020002;Bas-en-basset
43040001;Brioude
43046001;Le Puy-chadrac
43062001;Le Puy-loudes
43067001;Chavaniac-lafa
43091002;Estables.sa
43093001;Felines_sapc
43095001;Fix-st-geneys
43096001;Fontannes
43111002;Landos-charbon
43130002;Mazet-volamont
43132002;Mazeyrat D'al
43137003;Monis-sur-loi-sa
43150001;Le Pertuis_sapc
43157004;Puy-ville
43200001;St-julien-chap
43212001;St-pal-en-chale
43215001;St-paul-de-tart
43223001;St-romain-lacha
43234001;Saugues
43234005;Saugues-sa
43241002;Solignac-sur-lo
43246001;Tiranges
43268005;Yssingeaux Lep
44003001;Ancenis
44015001;Blain
44020001;Nantes-bouguenais
44051002;Derval
44069002;Guerande
44070001;Haie-fouassiere
44072002;Herbignac
44103001;St Nazaire-montoir
44110002;Nort-sur-erdre
44131001;Pornic
44168001;Saint-joachim_sae
44184001;Pte De Chemoulin
44199002;Soudan
45004001;Amilly
45030002;Beaune-la-rol.
45040001;Bonny-sur-loire
45055001;Orleans
45069001;Chambon-la-f.
45096001;Les Choux
45108001;Coullons
45147001;Fleury-les-aub.
45178001;Ladon
45182001;Ligny-le-r.
45188001;Loury
45200001;Menestreau-en-v
45229001;Nogent-sur-v.
45253001;Pithiviers-le-v
45270002;St-benoit/loire
45282001;St-hilaire-st-m
45330001;Trinay
45340001;Villemurlin-peupliers
46005001;Anglars
46066001;Cazals - Dde
46083001;Cressensac
46127001;Gourdon
46160001;Latronquiere
46197002;Le Montat
46201001;Montcuq - Rouil
46268001;St Gery
46311001;Sousceyrac
47041001;Bruch
47048001;Cancon
47084001;Douzains
47086001;Duras
47091001;Agen-la Garenne
47095001;Fauillet
47123001;Lacapelle-biron-pailloles
47137003;Laplume
47213001;Prayssas
47221001;Reaup
47252002;Sainte-livrade-sur-lot
47252003;Sainte-livrade - M
47254001;Saint-martin-curto
47317002;Verteuil
48004001;Altier
48020003;Bassurels
48027003;Le Bleymard_sapc
48051002;Le Collet-sauveplane
48060001;Fau De Peyre
48061002;Florac
48070004;Grandrieu
48074003;Hures-la-parade
48094001;Le Massegros
48095004;Mende-ville
48096004;Meyrueis-frepes
48103001;Montrodat
48104002;Nasbinals
48105001;Naussac
48110001;Paulhac En Margeride_sapc
48116001;Le Pont-de-montvert
48132001;St Alban Sur Limagnole
48140003;St Chely-d Apcher
48176002;St Pierre-des-tripiers
48198001;Villefort
49020001;Beaucouze
49022001;Beaulieu-s-lay
49027001;Begrolles
49029001;Blaison-gohier
49099003;Cholet
49188001;Marce
49215001;Mont.-bellay
49216001;Montreuil Sur Loir
49244001;La Pommeraye
49281001;St Georges Gard
49328001;Saumur
49331002;Segre
50074001;Brecey
50082001;Bricquebec
50139001;Conde Sur Vire_sapc
50144001;Coulouvray-boisbenatre
50147001;Coutances
50209001;Gonneville
50409001;Pont-hebert
50410003;Pontorson
50484002;St-hilaire-du-h
50509002;Ste Marie Du Mo
51029003;Avize
51079001;Bouzy-civc
51111001;Chambrecy-civc
51183001;Reims-courcy
51237001;Esternay-man
51237002;Esternay
51242001;Fagnieres-inra
51262001;Frignicourt
51545001;Sommesous
51612002;Vertus
52023002;Auberive_sapc
52061002;Bourdons_sapc
52084002;Busson_sapc
52121007;Chaumont
52123003;Chevillon_sapc
52131002;Cirfontaines_sapc
52145001;Coublanc
52180002;Droyes
52197003;Fayl-billot_sapc
52248002;Is-en-bassigny
52253001;Juzennecourt
52269001;Langres
52332001;Val-de-meuse
52448001;St-dizier
52535001;Villiers-le-sec
53007001;Argentre
53077001;Cosse-le-vivien
53084001;Craon
53094001;Laval-entrammes
53096004;Ernee
53097001;Evron
53129001;Launay-villiers
53130008;Laval-etronnier
53147001;Mayenne
53185001;Pre-en-pail_sapc
53220001;Saint-georges-l
53233001;St-loup-du-dorat
53238002;St-mars/la-futa
53273001;Villiers-charle
54040001;Badonviller
54405001;Nancy-ochey
54463001;Toul - Rosieres
54526001;Nancy-essey
54582001;Villette
55043001;Verdun
55179001;Erneville Aux B_sapc
55431001;Richecourt
55484001;Septsarges
55533001;Vaucouleurs
56004001;Arzal
56007001;Auray
56009001;Belle Ile-le Talut
56017003;Bignan
56018001;Billiers
56034002;Carnac
56069001;Ile De Groix
56075001;Guer
56081001;Guiscriff
56105001;Lanvenegen
56106001;Larmor-baden
56112002;Lizio
56127001;Mauron
56140001;Moreac
56159001;Pleucadeuc
56165003;Ploermel
56178003;Pontivy
56184001;Questembert
56185001;Lorient-lann Bihoue
56186002;Quiberon
56206001;St-ave
56221001;St-jacut-les-pins
56240003;Sarzeau Sa
56243001;Vannes-sene
56251001;Theix
56260005;Vannes Pargo
57019001;Malancourt
57039001;Metz-frescaty
57155002;Courcelles-chaussy
57168001;Phalsbourg_sapc
57251001;M.n.l.
57489001;Mouterhouse
57678001;Tressange
57732001;Volmunster
58006001;Anlezy
58059004;La Charite Res
58062001;Chateau Chinon
58064001;Chateauneuf Val
58080001;La Collancelle
58086001;Cours Les Cosne
58092001;Crux La Ville
58095001;Decize
58118001;Fours
58131001;Guerigny
58140001;Larochemillay
58145002;Lormes_sapc
58160001;Nevers-marzy
58177001;Montigny En Morvan_sapc
58204001;Ourouer
58218006;Premery
58303001;Varennes-ville
59129001;Cappelle-en-pev
59178001;Douai
59183001;Dunkerque
59343001;Lille-lesquin
59392001;Maubeuge
59456001;Pecquencourt
59512001;Roubaix
59606004;Valenciennes
59647001;Watten
60008001;Airion
60276001;Godenvillers
60322001;Jamericourt
60382001;Margny-les-compiegne
60500003;Le-plessis-belleville
60537001;Ribecourt
60555002;Rouvroy-les-merles
60566001;Saint-arnoult
60612001;Senlis
60623001;Songeons
60639001;Beauvais-tille
60650001;Trumilly
61001001;Alencon
61006005;Argentan
61007001;Athis-de-l'orne
61034001;Beaulieu
61063001;Briouze
61086001;Champeaux -Les-
61133001;Courtomer
61136001;Couvains
61150003;Echauffour
61179001;Fresnaye-au-sauvage_sapc
61214002;L Aigle
61230001;Longny-au-perche
61293003;Mortagne - Parc
61328001;Pin Au Haras-inra
61337004;Preaux-du-perche
61349001;Ri
61369001;St Bomer-les-forges
61377001;St Cornier-des-landes
61387001;St-fraimbault
61426001;Belleme_sapc
61454001;Ste Scolasse-sur-sarthe
61464001;Sees
61483002;Bagnoles-de-l_orne
61485002;Ticheville_sapc
62160001;Boulogne-sem
62268003;Desvres
62298001;Cambrai-epinoy
62333001;Fiefs
62506001;Licques
62548002;Calais-marck
62685001;Radinghem
62706001;Richebourg
62784001;Saulty
62826001;Le-touquet
62873001;Arras
63003004;Ambert
63038001;Besse-et-st-ana
63038002;Superbesse
63066002;Celles-sur-duro
63089001;Chappes
63098001;Chastreix
63113001;Clermont-fd
63132002;Cunlhat
63157001;Fayet-le-chatea
63163001;Gelles
63178001;Issoire
63189005;Laqueuille-inra
63210002;Maringues
63211001;Marsac-en-livra
63223001;Menat
63236002;Le Mont-dore Bg
63236003;Le Mont-dore_sapc
63263005;Fontaine-du-ber_sapc
63264001;Orcival
63281001;Pionsat
63282001;Plauzat_sapc
63319002;St-antheme
63345002;St-genes-chplle-inra
63353003;St-germain-l He
63354004;St-gervais-d Au
63399002;St-sulpice
63415001;Sauxillanges
63417001;Sayat_sapc
63426001;Tauves
64006001;Accous
64010002;Aicirits
64024001;Biarritz-pays-basque
64068001;Asson
64092002;Banca
64108001;Bellocq-puyoo
64123001;Bidache
64160001;Cambo-les-bains
64189001;Socoa
64213001;Espelette
64274001;Irouleguy
64289001;Labastide-clair
64301002;Lagor
64320001;Laruns-artouste
64320003;Laruns-hourat
64331002;Lembeye
64336004;Lescun
64342001;Licq-atherey
64393001;Monein
64401001;Mont-disse
64422004;Oloron-ste-mari
64430003;Orthez
64450001;Pomps
64480001;St-gladie
64549001;Pau-uzein
65031001;Arreau Borderes
65032001;Arrens Marsous
65055001;Ayros Arbouix
65123001;Artigues
65125001;Campistrous
65129003;Castelnau Magnoac
65131001;Castelvieilh
65138001;Cauterets - Centre Ville
65188003;Gavarnie
65195001;Genos
65258001;Lannemezan
65286003;Lourdes
65286005;Lourdes-serres
65304001;Maubourguet
65305001;Maul
65319001;Montegut
65327001;Nestier
65344001;Tarbes-lourdes-pyrenees
65447001;Tournay
65460002;Vic En Bigorre
65481001;Bareges Ville
66002001;Alenya-inra
66003001;Amelie-les-bains
66013001;Baillestavy
66016001;Banyuls-sur-mer
66024001;Le Boulou
66037001;Canet-en-roussillon
66052001;Codalet
66074002;Eus
66125003;Olette
66136001;Perpignan
66137003;Le Perthus
66147001;Porte Puymorens
66181001;Ste Leocadie
66194002;Serralongue
66198001;Sournia
66206001;Le Tech-edf
66210003;Thuir
66212001;Torreilles
66214001;Tresserre
66220002;Valcebollere
66233001;Vives
67090001;Diebolsheim
67122001;Wangenbourg_sapc
67124001;Strasbourg-entzheim
67186001;Hegeney Sa
67210001;Le Hohwald
67210002;Le Hohwald_sapc
67379001;Preuschdorf
67462004;Selestat Sa
67476001;Stattmatten
67476002;Stattmatten Sa
67519001;La Wantzenau Sa
67544003;Wissembourg - Pv
68028001;Bergheim-inra
68040001;Bits.-les-thann
68066001;Colmar-inra
68102001;Geishouse_sapc
68112005;Guebwiller
68171002;Kruth_sapc
68190001;Lucelle_sapc
68205001;Colmar-meyenheim
68224006;Mulhouse
68247003;Markstein Crete
68269005;Ribeau. - Acaci
68287003;Rouffach - Sa
68294002;Ste Croix Aux Mines
68297001;Bale-mulhouse
68338001;Trois-epis_sapc
69023002;Blace
69026001;Le Breuil
69029001;Lyon-bron
69032001;Bully
69058002;Chiroubles
69114001;Liergues_sapc
69122001;Lucenay
69135001;Monsols
69141001;Mornant
69156001;Pommiers
69174002;Les Sauvages
69176001;Soucieu
69192001;St-cyr-chatoux
69195002;St-didier-river
69196001;St-didier-beauj
69204002;St-genis-laval
69204003;St-genis - Coin
69208001;St-germain-l Ar
69211001;St-jean-d Ardie
69238001;St-symphorien-c
69253001;Tupin-et-semons
69266002;Villeurb Cusset
69299001;Lyon-st Exupery
70006001;Aillevillers
70061002;Belfahy_sapc
70104001;Bucey-les-gy
70132001;Chargey-les-gra
70165001;Combeaufontaine
70168001;Conflans-sur-la
70192001;Cugney
70201001;Delain
70221002;Etobon
70245001;Fougerolles
70261001;Frotey_sapc
70372001;Montureux-les-b
70408002;Pesmes - Sa
70414001;Plancher-les-mi
70421001;Port-sur-saone
70422001;Poyans
70430001;Quarte
70473001;Luxeuil
70478001;Saulx-de-vesoul
70550001;Vesoul Ville
70561002;Villersexel Sa
71014004;Autun
71022001;Baudemont_sapc
71025001;Beaubery
71060001;Briant
71070001;Buxy
71076001;Chalon-vnf
71081001;Chalon-champfo
71105001;Macon
71106001;Charolles
71152001;Cressy
71210001;Fuisse
71230002;Gueugnon
71231003;Guiche(la)
71240001;Jalogny_sapc
71267002;Lugny Sa
71289001;Matour_sapc
71318001;Montpont
71320001;Mt-st-vincent
71342001;Paray
71372001;Romaneche
71373001;Romenay
71378001;Rully
71419002;St-germain-du-b
71445001;St-marcel
71482001;St-symphorien De Marmagne
71491001;St Yan
71512001;Sennecey
71542004;Toulon Sur Arroux Sa
71566001;Verdun
71589001;Vitry/loire
72093001;Cormes
72126001;Epineu Le Chevr
72137006;La Fresnaye
72176002;Le Lude
72181001;Le Mans
72189001;Marolles Les Br
72257001;Rouillon
72264001;Sable Sur Sarth
72272001;Sainte Cerotte
72357001;Thoree Les Pins
73013001;Albiez
73023001;Aussois-clim
73026001;Avrieux
73034002;Beaufort-sur-doron
73040005;Bessans-clim
73054001;Bourg St Maurice
73064001;Challes Les Eaux
73085001;Chindrieux
73098002;La Feclaz
73098003;Feclaz_sapc
73124001;Gilly Sur Isere
73132001;Hauteluce
73143003;Lanslebourg Mt
73144001;Mont Cenis
73146001;Lescheraines
73157002;Modane
73157004;Frejus
73158001;Mognard
73179001;La Motte Servol
73181001;Moutiers
73191001;Novalaise
73197001;Peisey Nancroix
73206001;Pralognan La Vanoise
73220001;St-alban Des Hurtieres
73230002;St Colomban Des Villards
73248002;St-jean De Maurienne
73255003;Ste Marie Cuines
73257001;St-martin De Belleville
73261001;St-michel De Maurienne
73261003;St Michel Maur_sapc
73276001;St-pierre De Soucy
73290002;Termignon-clim
73296005;Tignes_sapc
73301001;Trevignin
73303005;Ugine
73306005;Valloire Forest
73312001;Verrens Arvey
73329001;Chambery-aix
74014002;Les Carroz
74016001;Archamps
74024001;Ayze
74035001;Bloye
74056001;Chamonix
74080002;Clusaz (La)
74083002;Combloux
74085001;Contamines Mj
74087001;Contamine-sur- Arve
74093001;Cran-gevrier
74116002;Eteaux
74119002;Evian
74133001;Gaillard
74137001;Groisy_sapc
74143003;Houches (Les)
74182001;Meythet
74189001;Mont-saxonnex
74191003;Le Plenay
74193001;La Croisette
74252001;St Sigismond
74256001;Sallanches
74258002;Samoens
74266001;Servoz
74280001;Thones
74286001;Vacheresse
74290002;Vallorcine
75106001;Luxembourg
75113002;Salpetriere
75114001;Paris-montsouris
75116002;Bagatelle
75117001;Batignolles
76043001;Auzebosc
76116001;Rouen-boos
76146001;Buchy
76217001;Dieppe
76276001;Forges
76302002;Goderville
76378001;Jumieges
76481001;Octeville
76540009;Rouen - Jardin
76552001;Cap-de-la-heve
77033001;Bezalles
77042001;Boissy-le-chat.
77054001;La Brosse-mx
77069001;Chailly
77084001;Changis
77100003;Le Chatelet
77108001;Chelles
77113002;Chevru
77114002;Chevry-cossigny
77142002;Crecy-spc
77153003;Dammartin - Dde
77182003;Ferte-gaucher
77186002;Fontainebleau_sapc
77192002;Fontenay-tres
77211001;Nangis
77292001;Messy
77306001;Melun
77320002;Mouroux_sapc
77333003;Nemours
77405001;St-cyr/morin-bg
77405002;St-cyr-morin-spc
77431001;St-pierre-les-n
77447002;Seine-port
77468001;Torcy
77469003;Touquin-spc
77478001;Ussy-sur-marne
77490001;Vendrest-spc
77507001;Villenauxe-spc
77515001;Villeroy
77524001;Vimpelles
77530001;Voulton_sapc
78140001;Chapet
78354001;Magnanville
78380001;Maule
78465001;Orgerus
78562001;St-leger_sapc
78615002;Thiverval-inra
78620001;Toussus Le Noble
78621001;Trappes
78640001;Villacoublay
78646002;Versailles- Inra
79017001;Aubiers(les)
79031001;Beauvoir-sur-ni
79049004;Bressuire
79061001;Celles-sur-bell
79094001;Clesse
79134001;Glenay_sapc
79140002;Hanc
79148001;Lezay
79174002;Melle
79176001;Menigoute_sapc
79191005;Niort
79202003;Parthenay_sapc
79215001;Pougne-herisson_sapc
79220001;Prin-deyrancon
79253002;La Touche Stna
79311002;Secondigny
79320001;Surin
79326002;Thenezay
79329001;Thouars-stna
79342001;Vernoux-en-gati
79350003;Chize
80001001;Abbeville
80086002;Bernaville
80213001;Cottenchy
80261001;Dury-les-amiens
80271002;Epehy_sapc
80379002;Amiens-glisy
80417001;Harbonnieres
80523001;Meaulte
80598001;Nouvion-en-ponthieu
80606002;Oisemont_sapc
80682001;Rouvroy-en-santerre
80704001;Saint-gratien
80815002;Vron
81042001;Burlats
81065003;Castres
81081002;Dourgne
81093001;Florentin
81124001;Lacaune
81140002;Lavaur
81171001;Montans
81176001;Montels
81182004;Montredon-labessonnie
81203001;Paulinet
81231001;Rouairoux
81283001;Senouillac
81284001;Albi
82018003;Bioule
82033005;Castelsarrasin
82044001;Corbarieu
82051001;Durfort
82069001;Ginals
82117001;Montaigu
82121002;Montauban
82132002;Montricoux
82174001;St-vincent
82178001;Savenes_man
82180001;Serignac
82186003;Valence
82193001;Vigueron
83004004;Les Arcs_sapc
83007004;Aups
83011001;Bargemon
83019002;Bormes Les Mimosas
83031001;Le Luc
83035001;Le Castellet
83035002;Le Castellet_sapc
83042001;Cogolin_sapc
83043005;Collobrieres_sapc
83044001;Comps-st Jean
83044003;Comps-sur-artuby
83046001;Cotignac
83049003;Cuers-pouverel
83049005;Cuers
83050007;Draguignan_sapc
83051001;Entrecasteaux
83061001;Frejus
83069001;Hyeres
83069002;Porquerolles
83069003;Ile Du Levant
83069008;Hyeres-pepinieres
83069016;Hyeres-plage
83072001;Lorgues
83083001;Montfort-sur-argens_sapc
83101001;Cap Camarat
83102005;Regusse
83116004;St Maximin-olli
83118002;Le Dramont
83124002;Seillans
83137001;Toulon
83138002;Tourrettes
83145001;Varages
83153001;Cap Cepet
84003002;Apt-viton
84007002;Avignon-inra
84007005;Avignon
84009002;La Bastide Des Jourdans
84015002;Beaumont-mt Serein
84017006;Chalet Reynard
84020003;Bonnieux
84025001;Cabrieres D'avignon
84031001;Carpentras
84035003;Cavaillon
84037002;Chateauneuf Du Pape
84051001;Goult
84054001;Isle Sur Sorgue
84064001;Lapalud
84082001;Mormoiron
84087001;Orange
84107002;St Christol
84118001;St Saturnin Les Apt
84121001;Sannes
84122002;Sarrians
84123001;Sault-village
84125003;Savoillan
84126001;Seguret
84138001;Valreas
84140001;Vaugines
84150001;Visan
85004001;Angles
85051001;Chantonnay
85113001;L Ile D Yeu
85119001;Landes-genusson
85152001;La Mothe Achard
85163001;Noirmoutier En
85169002;Palluau
85172001;Le Perrier
85190001;Rocheserviere
85191003;La Roche Sur Yon
85216001;Sainte Gemme La Plaine_sapc
85234001;St Jean De Mont
86021002;Benassay_sapc
86027001;Poitiers-biard
86041001;Buxerolles
86058001;Chapelle-moulie
86070001;Chauvigny-mareu
86078002;Civray
86082003;Couhe
86092002;Dange-fleau
86096001;Doussay
86097001;La Ferriere Airoux_sapc
86118001;Journet
86137003;Loudun
86139001;Lusignan-inra
86146001;Marigny Brizay
86149001;Martaize
86165005;Montmorillon
86174001;Naintre
86177001;Neuville De Poi
86207003;Roche-posay Cou
86272002;Thure
86284001;Vernon
86289001;Le-vigeant
86294003;Vouille
87009003;Beaumont Du Lac
87011006;Bellac
87014005;Bessines
87026001;Bussiere Boffy
87032004;Chalus_sapc
87034001;Champagnac La R
87044001;Cheronnac_sapc
87059001;Le Dorat
87064005;Eymoutiers
87085006;Limoges-bellegarde
87085009;Limoges Ville
87089003;Magnac-laval
87103002;Nantiat
87106001;Nexon
87119004;Pierre-buffiere
87126002;Rochechouart
87146002;St Germain Bell
87154003;St Junien
87159002;St Leger La Montagne_sapc
87161002;St Leonard Nobl
87187003;St Yrieix La Pe
88029001;Bains
88136001;Epinal
88304005;Mirecourt
88321001;Neufchateau
88402002;Roville
88424001;Ste Marguerite
88487002;Val-d Ajol
89003001;Aillant
89025006;Avallon
89046001;Bleneau
89068001;Chablis_sapc
89120001;Coulours
89131001;Cruzy_sapc
89142001;Dixmont
89165001;Flacy
89192001;Grandchamp_sapc
89206001;Joigny
89227001;Ligny-le-chatel
89253001;Merry-sur-yonne
89260001;Molesmes_sapc
89279001;Noyers
89346001;Auxerre
89349001;St Leger Vauban
89380001;Savigny/clairis
89387002;Sens
89478001;Vincelles
90010001;Belfort
90052002;Giromagny_sapc
90056002;Joncherey
90065003;Ballon_sapc
90090001;St Dizier-l'eveque_sapc
91027002;Orly
91069001;Boigneville
91103001;Bretigny_sapc
91184001;Courdimanche
91200002;Dourdan
91216001;Epinay-sur-orge
91243001;Fontenay-les-b.
91275001;Gometz-le-chat.
91390001;Mereville
91613001;Congerville-th.
92025001;Colombes
92032001;Fontenay - Cen
93048001;Montreuil
93050001;Neuilly-sur-m.
94022001;Choisy-le-roi
94042001;Joinville
94044001;Limeil
94047001;Mandres
94068001;St-maur
94076001;Villejuif
95078001;Pontoise - Aero
95088001;Le Bourget
95119001;Buhy
95134001;Champagne Persan
95170002;Condecourt
95298002;Haravilliers
95306001;Herblay
95316001;Jagny-sous-bois
95500003;Pontoise -Ville
95527001;Roissy
95660002;Villaines
95678001;Villiers-adam
95690001;Wy-dit
97101015;Le Raizet Aero
97117012;Le Moule Gardel-inra
97117013;Le Moule Laureal
97118007;Petit-bourg Duclos-inra
97123001;St-barthelemy Meteo
97201001;Ajoupa-bouillon Eden
97203003;Bassepointe-chal
97208001;Fond-denis-cadet
97209004;Fort-de-france Desaix
97210004;Francois-simon
97213004;Lamentin-aero
97224004;St-joseph Lezard
97225001;St-pierre Perinel
97225007;St-pierre
97226004;Ste Anne-seci
97302001;Cayenne Ville
97302005;Cayenne Suzini
97304001;Ile Royale
97304003;Kourou Csg
97304005;Kourou Plage
97307001;Cayenne-matoury
97308001;Saint Georges
97310006;Cacao
97311005;Charvein
97312006;Savane Combi
97353001;Maripasoula
97356001;Camopi_sapc
97402240;Bellevue Bras-panon
97404520;Etang-sale Les Bains
97404540;Pont-mathurin
97405480;Petite-ile - Cirad
97406220;Plaine Des Palmistes
97407520;Le Port
97408540;Dos D'ane
97409240;Menciol
97410238;Saint-benoit
97411111;Saint-denis College
97411126;Providence
97411164;Le Brule - Val Fleuri_sapc
97412336;Grand-coude_sapc
97412384;St-joseph - Cirad
97413520;Colimacons
97413524;Mascarin
97413545;Saint-leu - Cirad
97414431;Le Gol Les Hauts - Cirad
97415511;Saint-paul - Cirad
97415536;Petite-france
97415566;Piton-maido
97415590;Pointe Des Trois-bassins
97416410;Ravine Des Cabris - Cirad
97416415;Pierrefonds - Cirad
97416463;Pierrefonds-aeroport
97416465;Ligne-paradis - Cirad
97417360;Le Baril
97417380;Saint-philippe
97418110;Gillot-aeroport
97419350;Gros Piton Sainte-rose
97419380;Bellecombe-jacob
97421210;Mare A Vieille Place
97421270;Hell-bourg
97422440;Plaine Des Cafres
97422480;Berive - Cirad
97424410;Cilaos
97502001;St-pierre
98403004;Tromelin
98404001;Kerguelen
98404002;Nouvelle Amsterdam
98507002;Dembeni
98508001;Pamandzi
98511001;Mamoudzou
98512001;Mtzamboro Gen
98514001;Coconi Ouangani
98611001;Maopoopo
98613001;Hihifo
98712001;Tetiaroa 1
98715002;Faaa
98719005;Mangareva
98723001;Hiva-oa
98733002;Paea 2
98734005;Papara 5
98735002;Papeete 2
98738006;Punaauia 6
98741001;Rapa
98747004;Afaahiti 2
98749001;Takaroa
98750003;Opoa
98753001;Mataura 1
98803001;Bourail
98803003;Nessadiou
98812001;Koumac
98813004;Pocquereux
98814001;Ouanaham
98814003;Chepenehe
98814006;Wiwatul
98815001;La Roche
98817005;La Coulee
98818001;Noumea
98818002;Magenta
98820001;Ouloup
98821001;La Tontouta
98821005;Port Laguerre
98822001;Poindimie
98824001;Pouebo
98825001;Pouembout
98832002;Yate Mrie
99138001;Monaco
